Name,Lastname
1,Adams
2,Alexander
3,Allen
4,Anderson
5,Andrews
6,Armstrong
7,Arnold
8,Bailey
9,Baker
10,Barnes
11,Bell
12,Bennett
13,Berry
14,Bishop
15,Black
16,Boyd
17,Bradley
18,Brooks
19,Brown
20,Bryant
21,Burke
22,Burns
23,Butler
24,Campbell
25,Carlson
26,Carpenter
27,Carr
28,Carroll
29,Carter
30,Chapman
31,Clark
32,Cole
33,Coleman
34,Collins
35,Cook
36,Cooper
37,Cox
38,Crawford
39,Cunningham
40,Davidson
41,Davis
42,Day
43,Dean
44,Dixon
45,Duncan
46,Dunn
47,Edwards
48,Elliott
49,Ellis
50,Evans
51,Ferguson
52,Fisher
53,Ford
54,Foster
55,Fox
56,Freeman
57,Gardner
58,Gibson
59,Gilbert
60,Gordon
61,Graham
62,Gray
63,Green
64,Griffin
65,Hall
66,Hamilton
67,Hansen
68,Hanson
69,Harris
70,Harrison
71,Hart
72,Hayes
73,Henderson
74,Henry
75,Hicks
76,Hill
77,Hoffman
78,Holmes
79,Howard
80,Howell
81,Hudson
82,Hughes
83,Hunt
84,Hunter
85,Jackson
86,Jacobs
87,James
88,Jenkins
89,Jensen
90,Johnson
91,Johnston
92,Jones
93,Jordan
94,Keller
95,Kelley
96,Kelly
97,Kennedy
98,King
99,Knight
100,Lane
101,Larson
102,Lawrence
103,Lawson
104,Lee
105,Lewis
106,Long
107,Lynch
108,Marshall
109,Martin
110,Mason
111,May
112,Mcdonald
113,Meyer
114,Miller
115,Mills
116,Mitchell
117,Moore
118,Morgan
119,Morris
120,Morrison
121,Murphy
122,Murray
123,Myers
124,Nelson
125,Nichols
126,Obrien
127,Olson
128,Owens
129,Palmer
130,Parker
131,Patterson
132,Payne
133,Perkins
134,Perry
135,Peters
136,Peterson
137,Phillips
138,Pierce
139,Porter
140,Powell
141,Price
142,Ray
143,Reed
144,Reynolds
145,Rice
146,Richards
147,Richardson
148,Riley
149,Roberts
150,Robertson
151,Robinson
152,Rogers
153,Rose
154,Ross
155,Russell
156,Ryan
157,Sanders
158,Schmidt
159,Schneider
160,Schultz
161,Scott
162,Shaw
163,Simmons
164,Simpson
165,Smith
166,Snyder
167,Spencer
168,Stephens
169,Stevens
170,Stewart
171,Stone
172,Sullivan
173,Taylor
174,Thomas
175,Thompson
176,Tucker
177,Turner
178,Wagner
179,Walker
180,Wallace
181,Walsh
182,Walters
183,Ward
184,Warren
185,Watson
186,Weaver
187,Webb
188,Weber
189,Welch
190,Wells
191,West
192,Wheeler
193,White
194,Williams
195,Williamson
196,Wilson
197,Wood
198,Woods
199,Wright
200,Young
