Name,Firstname
1,Addison
2,Adlai
3,Adrian
4,Adrien
5,Ainsley
6,Alex
7,Alexis
8,Ali
9,Alpha
10,Amari
11,Amory
12,Andy
13,Angel
14,Arden
15,Armani
16,Arrow
17,Ashley
18,Ashton
19,Aubrey
20,Auden
21,Audie
22,Austen
23,Avery
24,Avis
25,Azariah
26,Bailey
27,Baker
28,Bellamy
29,Bergen
30,Bevan
31,Beverly
32,Billie
33,Blair
34,Blake
35,Blue
36,Braidy
37,Breslin
38,Brett
39,Briar
40,Brighton
41,Bronwyn
42,Brook
43,Brooke
44,Bryn
45,Callaway
46,Cameron
47,Campbell
48,Carmel
49,Carson
50,Casey
51,Cassidy
52,Channing
53,Charleston
54,Charlie
55,Chris
56,Clancy
57,Clarke
58,Cleo
59,Colbie
60,Corin
61,Corrie
62,Courtney
63,Dakota
64,Dallas
65,Dana
66,Darby
67,Darian
68,Darnell
69,Daryl
70,Dawson
71,Dell
72,Denver
73,Devon
74,Dillon
75,Drew
76,Eden
77,Egypt
78,Elis
79,Elliot
80,Elliott
81,Ellis
82,Ellison
83,Emerson
84,Emery
85,Erin
86,Esme
87,Evan
88,Evelyn
89,Ever
90,Everest
91,Felix
92,Finley
93,Finn
94,Flynn
95,Francis
96,Frankie
97,Freddie
98,Gail
99,Gale
100,Gene
101,Gentry
102,Gerrie
103,Gillian
104,Glenn
105,Grayson
106,Greer
107,Grey
108,Hadley
109,Hailey
110,Haley
111,Halo
112,Halsey
113,Harley
114,Harlow
115,Harper
116,Haven
117,Hayden
118,Holland
119,Hollis
120,Honor
121,Hudson
122,Hunter
123,Indiana
124,Indigo
125,Ivy
126,Jackie
127,Jaden
128,James
129,Jamie
130,Jan
131,Jazz
132,Jean
133,Jerry
134,Jesse
135,Jocelyn
136,Jody
137,Joe
138,Joey
139,Jonni
140,Jordan
141,Journey
142,Jude
143,Jules
144,Julian
145,Justice
146,Kai
147,Kamryn
148,Karter
149,Kary
150,Kay
151,Keegan
152,Keelan
153,Keely
154,Kei
155,Keith
156,Kelly
157,Kelsey
158,Kendall
159,Kennedy
160,Kensley
161,Kenzie
162,Kerry
163,Kevin
164,Kieran
165,Kiley
166,Kim
167,Kingsley
168,Kirby
169,Kit
170,Kristen
171,Kyle
172,Kyrie
173,Lake
174,Landry
175,Lane
176,Laramie
177,Laurence
178,Lee
179,Leigh
180,Leighton
181,Lennon
182,Lennox
183,Leslie
184,Linden
185,Logan
186,London
187,Loren
188,Lucky
189,Lyric
190,Macey
191,Maddox
192,Madison
193,Marian
194,Marley
195,Marlo
196,Marlow
197,Mason
198,Max
199,Meade
200,Memphis
201,Mercury
202,Meredith
203,Merit
204,Merle
205,Merritt
206,Micah
207,Michael
208,Micky
209,Milan
210,Miller
211,Milo
212,Monroe
213,Montana
214,Morgan
215,Murphy
216,Nash
217,Navy
218,Nevada
219,Nicky
220,Nico
221,Noah
222,Noel
223,Oakley
224,Ocean
225,Odell
226,Oswin
227,Owen
228,Paige
229,Palmer
230,Paris
231,Parker
232,Pat
233,Paxton
234,Payton
235,Peace
236,Perry
237,Peyton
238,Phoenix
239,Piper
240,Poet
241,Quincy
242,Quinn
243,Raleigh
244,Ramsey
245,Randi
246,Rayne
247,Rebel
248,Reed
249,Reese
250,Regan
251,Reilly
252,Remi
253,Remington
254,Remy
255,Renee
256,Revel
257,Ricky
258,Ridley
259,Riley
260,Rio
261,Ripley
262,River
263,Robin
264,Rory
265,Rowan
266,Royal
267,Royce
268,Rudy
269,Rumi
270,Ryan
271,Rylan
272,Sage
273,Sailor
274,Sasha
275,Sawyer
276,Scout
277,Selby
278,Seneca
279,Shae
280,Shane
281,Shannon
282,Shawn
283,Shay
284,Shelby
285,Shelley
286,Sheridan
287,Shiloh
288,Shirley
289,Sidney
290,Skeeter
291,Skylar
292,Skyler
293,Spencer
294,Storm
295,Sutton
296,Sydney
297,Tanner
298,Taran
299,Tate
300,Tatum
301,Taylor
302,Tegan
303,Temple
304,Tennessee
305,Tennyson
306,Terry
307,Texas
308,Timber
309,Tobin
310,Toby
311,Toni
312,Tori
313,Torrance
314,Tory
315,Tracy
316,Trinity
317,Tristan
318,Tyler
319,Valentine
320,Vick
321,Vivian
322,Wallis
323,Wesley
324,Whitney
325,Wilder
326,Willie
327,Winnie
328,Wisdom
329,Wren
330,Wyatt
331,Wynn
332,Zane
333,Zephyr
334,Zion
